﻿<parameters>
  <parameter name="IIS Web Application Name" defaultValue="Default Web Site/AcadOracleWeb" tags="IisApp">
    <parameterEntry kind="ProviderPath" scope="IisApp" match="^C:\\Users\\Rodrigo\\Dropbox\\Aula\\2013I\\SoftDev\\Aconselhador\\AcadOracle\\AcadOracle\.WebMVC\\obj\\Release\\Package\\PackageTmp$" />
    <parameterEntry kind="ProviderPath" scope="setAcl" match="^C:\\Users\\Rodrigo\\Dropbox\\Aula\\2013I\\SoftDev\\Aconselhador\\AcadOracle\\AcadOracle\.WebMVC\\obj\\Release\\Package\\PackageTmp$" />
  </parameter>
  <parameter name="AcadOracle.Dal.EntityModels.AcadOracleDBEntities-Web.config Connection String" defaultValue="AcadOracle.Dal.EntityModels.AcadOracleDBEntities_ConnectionString">
    <parameterEntry kind="XmlFile" scope="C:\\Users\\Rodrigo\\Dropbox\\Aula\\2013I\\SoftDev\\Aconselhador\\AcadOracle\\AcadOracle\.WebMVC\\obj\\Release\\Package\\PackageTmp\\Web\.config$" match="/configuration/connectionStrings/add[@name='AcadOracle.Dal.EntityModels.AcadOracleDBEntities']/@connectionString" />
  </parameter>
  <parameter name="AcadOracleDBContext-Web.config Connection String" defaultValue="Data Source=localhost;Initial Catalog=AcadOracleDB;Integrated Security=SSPI;MultipleActiveResultSets=true">
    <parameterEntry kind="XmlFile" scope="C:\\Users\\Rodrigo\\Dropbox\\Aula\\2013I\\SoftDev\\Aconselhador\\AcadOracle\\AcadOracle\.WebMVC\\obj\\Release\\Package\\PackageTmp\\Web\.config$" match="/configuration/connectionStrings/add[@name='AcadOracleDBContext']/@connectionString" />
  </parameter>
  <parameter name="DefaultConnection-Web.config Connection String" defaultValue="Data Source=(LocalDb)\v11.0;Initial Catalog=aspnet-AcadOracle.WebMVC-20130509191902;Integrated Security=SSPI;AttachDBFilename=|DataDirectory|\aspnet-AcadOracle.WebMVC-20130509191902.mdf">
    <parameterEntry kind="XmlFile" scope="C:\\Users\\Rodrigo\\Dropbox\\Aula\\2013I\\SoftDev\\Aconselhador\\AcadOracle\\AcadOracle\.WebMVC\\obj\\Release\\Package\\PackageTmp\\Web\.config$" match="/configuration/connectionStrings/add[@name='DefaultConnection']/@connectionString" />
  </parameter>
</parameters>